YEAR,COUNTRY,LOCATION,FATALITY_TOTAL
79,ITALY,BAY OF NAPLES,4.0
262,TURKEY,SOUTH COASTS OF ASIA MINOR,3.0
358,TURKEY,MARMARA SEA,3.0
365,GREECE,CRETE,4.0
416,INDONESIA,JAVA-S. JAVA,3.0
447,TURKEY,MARMARA SEA,3.0
543,TURKEY,BLACK SEA,3.0
551,GREECE,ETOLIA,4.0
551,GREECE,,4.0
684,JAPAN,NANKAIDO,3.0
740,TURKEY,MARMARA SEA,3.0
744,JAPAN,SW. KYUSHU ISLAND,4.0
745,JAPAN,"OSAKA BAY, JAPAN",3.0
766,JAPAN,N. KAGOSHIMA BAY,3.0
818,JAPAN,TOKAIDO,3.0
850,JAPAN,NW. HONSHU ISLAND,3.0
863,JAPAN,NW. HONSHU ISLAND,3.0
869,JAPAN,SANRIKU,4.0
887,JAPAN,NIIGATA,4.0
887,JAPAN,NANKAIDO,3.0
900,INDIA,NAGAPATTINAM,3.0
963,ITALY,SICILY,4.0
1008,IRAN,PERSIAN GULF,4.0
1026,JAPAN,"OFF MASUDA, SHIMANE PREFECTURE",4.0
1033,SYRIA,AKKO,4.0
1039,TURKEY,CONSTANTINOPLE,3.0
1068,ISRAEL,GULF OF AQABA,3.0
1076,CHINA,"GUANGDONG PROVINCE, SOUTH CHINA SEA",1.0
1169,ITALY,EASTERN SICILY,4.0
1172,ITALY,ISLAND OF SICILY,3.0
1202,SYRIA,SOUTHWESTERN SYRIA,4.0
1293,JAPAN,"KAMAKURA, SAGAMI BAY",4.0
1303,GREECE,AEGEAN SEA,4.0
1341,JAPAN,"JUSANKO, TSUGARU AOMORI PREFECTURE",4.0
1344,TURKEY,"MARMARA SEA, STRAIT OF BOSPORUS",3.0
1360,JAPAN,KUMANONADA,3.0
1361,JAPAN,NANKAIDO,3.0
1365,ALGERIA,ALGIERS,3.0
1408,TURKEY,ANTIOCH,3.0
1433,JAPAN,OFF IZU-OSHIMA,3.0
1456,ITALY,BAY OF NAPLES,4.0
1481,GREECE,ISLAND OF RHODES,3.0
1495,JAPAN,"KAMAKURA, SAGAMI BAY, TOKAIDO",3.0
1498,VENEZUELA,BOCA DE LA SIERPE,3.0
1498,JAPAN,ENSHUNADA SEA,4.0
1500,USA,HAWAII,3.0
1509,TURKEY,MARMARA SEA,4.0
1511,ITALY,NORTH ADRIATIC,1.0
1512,JAPAN,TOKUSHIMA PREFECTURE,4.0
1531,PORTUGAL,"TAGUS RIVER, LISBON",4.0
1546,ISRAEL,GAZA - JAFFA,3.0
1562,CHILE,SOUTHERN CHILE,3.0
1564,FRANCE,LIGURIA-COTE D'AZUR,3.0
1570,CHILE,CENTRAL CHILE,4.0
1575,CHILE,SOUTHERN CHILE,4.0
1582,PERU,S. PERU,3.0
1586,JAPAN,ISE BAY,4.0
1586,PERU,CENTRAL PERU,1.0
1589,JAPAN,"SURUGA, JAPAN",3.0
1590,PERU,S. PERU,1.0
1596,JAPAN,"BEPPU BAY, KYUSHU",3.0
1597,JAPAN,"BEPPU BAY, JAPAN",1.0
1601,SWITZERLAND,,1.0
1602,JAPAN,"BOSO, JAPAN",3.0
1604,PERU,S. PERU,3.0
1605,JAPAN,ENSHUNADA,4.0
1605,JAPAN,NANKAIDO,4.0
1607,UK,"BRISTOL CHANNEL, ENGLAND",4.0
1608,INDONESIA,"GAMALAMA, TERNATE ISLAND",1.0
1611,JAPAN,SANRIKU,4.0
1613,ITALY,MESSINA,3.0
1614,JAPAN,NIIGATA PREFECTURE,3.0
1616,JAPAN,MIYAGI PREFECTURE,3.0
1616,JAPAN,SANRIKU,3.0
1627,ITALY,GARGANO PENINSULA,4.0
1629,GREECE,CRETE,3.0
1631,ITALY,BAY OF NAPLES,4.0
1633,JAPAN,SAGAMI BAY,3.0
1633,CHILE,SOUTHERN CHILE,1.0
1633,GREECE,ISLAND OF ZAKYNTHOS,3.0
1636,GREECE,IONIAN SEA,3.0
1638,ITALY,TYRRHENIAN CALABRIA,4.0
1640,JAPAN,SE. HOKKAIDO ISLAND,3.0
1644,JAPAN,"HONJO, AKITA",3.0
1645,PHILIPPINES,W. LUZON ISLAND,3.0
1647,PERU,S. PERU,1.0
1650,GREECE,THERA ISLAND (SANTORINI),3.0
1650,JAPAN,ECHIZEN (FUKUI),1.0
1657,CHILE,CENTRAL CHILE,1.0
1657,JAPAN,CHOSHI,2.0
1660,PAPUA NEW GUINEA,LONG ISLAND,4.0
1661,TAIWAN,SOUTH CHINA SEA,3.0
1662,JAPAN,HIUGANADA,3.0
1664,JAPAN,"TORISHIMA, RYUKYU ISLANDS",1.0
1666,JAPAN,AICHI PREFECTURE,2.0
1667,CROATIA,DALMATIAN COASTS,4.0
1668,CHINA,"TANCHENG, SHANDONG PROVINCE",4.0
1668,NORTH KOREA,YELLOW SEA,1.0
1670,CHINA,EAST CHINA SEA,3.0
1672,ITALY,CENTRAL ADRIATIC,4.0
1673,INDONESIA,N. MOLUCCAS ISLANDS,3.0
1674,INDONESIA,BANDA SEA,4.0
1676,JAPAN,HITACHI,1.0
1677,JAPAN,SANRIKU,1.0
1677,JAPAN,OFF SE. BOSO PENINSULA,3.0
1677,PHILIPPINES,W. LUZON ISLAND,1.0
1678,PERU,CENTRAL PERU,3.0
1680,JAPAN,TOTOMI-NADA,3.0
1687,CHILE,CENTRAL CHILE,1.0
1687,PERU,S. PERU,4.0
1688,TURKEY,IZMIR,4.0
1692,JAMAICA,PORT ROYAL,4.0
1693,ITALY,EASTERN SICILY,4.0
1693,ITALY,ISLAND OF SICILY,4.0
1696,JAPAN,"FUKUSHIMA, JAPAN",4.0
1696,JAPAN,ISHINOMAKI,1.0
1700,USA,CASCADIA SUBDUCTION ZONE,1.0
1700,JAPAN,NAGASAKI PREFECTURE,4.0
1700,JAPAN,"TSUSHIMA, NAGASAKI PREFECTURE",3.0
1703,ITALY,LATIUM,4.0
1703,JAPAN,OFF SW BOSO PENINSULA,4.0
1707,JAPAN,ENSHUNADA,4.0
1707,JAPAN,NANKAIDO,4.0
1711,INDONESIA,BANDA SEA,1.0
1711,JAPAN,"SEIONAIKAI, JAPAN",3.0
1715,PERU,PERU,1.0
1716,PHILIPPINES,"TAAL, LUZON ISLAND",1.0
1721,TAIWAN,TAINAN,4.0
1722,PORTUGAL,"TAVIRA, ALGARVE",3.0
1723,GREECE,IONIAN SEA,1.0
1726,JAPAN,KATSUYAMA,3.0
1726,ITALY,NORTHERN SICILY,3.0
1730,CHILE,CENTRAL CHILE,1.0
1731,ITALY,TYRRHENIAN SEA,4.0
1735,PHILIPPINES,E. LUZON ISLAND,3.0
1737,RUSSIA,KAMCHATKA,1.0
1737,CHILE,SOUTHERN CHILE,2.0
1741,JAPAN,W. HOKKAIDO ISLAND,4.0
1746,PERU,CENTRAL PERU,4.0
1748,GREECE,CORINTHOS-PATRAS GULF,3.0
1749,PHILIPPINES,"TAAL, LUZON ISLAND",1.0
1750,CROATIA,RIJEKA,3.0
1751,JAPAN,NW. HONSHU ISLAND,4.0
1751,CHILE,CENTRAL CHILE,2.0
1752,SYRIA,LATAKIA,4.0
1754,INDONESIA,BANDA SEA,1.0
1754,PHILIPPINES,"TAAL, LUZON ISLAND",1.0
1755,PORTUGAL,LISBON,4.0
1757,PORTUGAL,AZORES,4.0
1762,BANGLADESH,NORTHERN BAY OF BENGAL,3.0
1762,JAPAN,NW. HONSHU ISLAND,2.0
1763,JAPAN,"SANRIKU, HACHIONHE",3.0
1763,INDONESIA,BANDA SEA,1.0
1765,CHINA,SOUTH CHINA SEA,4.0
1766,JAPAN,SANRIKU,4.0
1771,JAPAN,RYUKYU ISLANDS,4.0
1771,INDONESIA,N. MOLUCCAS ISLANDS,1.0
1773,GUATEMALA,GUATEMALA-NICARAGUA,4.0
1774,CANADA,NEWFOUNDLAND,3.0
1775,JAPAN,"AWA, BOSO, JAPAN",3.0
1780,RUSSIA,S. KURIL ISLANDS,1.0
1781,JAPAN,SW. KYUSHU ISLAND,1.0
1781,TAIWAN,KAOHSIUNG,1.0
1782,TAIWAN,TAIWAN STRAIT,4.0
1782,JAPAN,"ODAWARA, SAGAMI BAY",3.0
1783,ITALY,TYRRHENIAN CALABRIA,4.0
1783,ITALY,MESSINA STRAITS,4.0
1783,ITALY,MESSINA STRAITS,1.0
1783,ITALY,TYRRHENIAN CALABRIA,3.0
1784,MEXICO,S. MEXICO,1.0
1784,PERU,S. PERU,3.0
1787,MEXICO,SAN MARCOS,1.0
1788,USA,"ALASKA PENINSULA, AK",3.0
1788,USA,"SHUMAGIN ISLANDS, AK",3.0
1790,ALGERIA,ORAN,4.0
1791,JAPAN,OASAKA BAY,2.0
1791,GREECE,IONIAN SEA,1.0
1792,JAPAN,"SHIMABARA BAY, KYUSHU ISLAND",4.0
1792,JAPAN,W. HOKKAIDO ISLAND,2.0
1792,TAIWAN,TAINAN,3.0
1793,JAPAN,W. OFF AOMORI,1.0
1793,JAPAN,SANRIKU,3.0
1797,INDONESIA,SW. SUMATRA,3.0
1799,JAPAN,SW. HONSHU ISLAND,3.0
1802,ALGERIA,HARBOUR OF ALGIERS,3.0
1802,JAPAN,NW. HONSHU ISLAND,1.0
1804,JAPAN,NW. HONSHU ISLAND,3.0
1808,ITALY,ITALIAN COAST,1.0
1810,JAPAN,NW. HONSHU ISLAND,2.0
1811,USA,AR: NE -  NEW MADRID EARTHQUAKES,1.0
1812,VENEZUELA,LA GUAIRA,4.0
1812,JAMAICA,KINGSTON,2.0
1812,USA,S. CALIFORNIA,1.0
1815,INDONESIA,TAMBORA,4.0
1815,INDONESIA,BALI SEA,3.0
1818,ITALY,EASTERN SICILY,2.0
1819,CHILE,NORTHERN CHILE,1.0
1819,INDIA,KUTCH,4.0
1820,GREECE,ISLAND OF ZAKYNTHOS,1.0
1820,INDONESIA,FLORES SEA,3.0
1820,CONGO,GOLD COAST,3.0
1821,UK TERRITORY,ST HELENA,1.0
1822,TURKEY,ANTIOCHIA,4.0
1822,CHILE,CENTRAL CHILE,3.0
1824,PHILIPPINES,W. LUZON ISLAND,3.0
1825,GREECE,IONIAN SEA,2.0
1828,JAPAN,NW. HONSHU ISLAND,4.0
1830,PHILIPPINES,W. LUZON ISLAND,3.0
1832,ITALY,CUTRO,3.0
1833,CHINA,YUNNAN PROVINCE,4.0
1833,INDONESIA,SW. SUMATRA,1.0
1833,JAPAN,NW. HONSHU ISLAND,2.0
1835,CHILE,CENTRAL CHILE,2.0
1835,JAPAN,SANRIKU,3.0
1836,ITALY,ROSSANO,3.0
1837,CHILE,SOUTHERN CHILE,1.0
1840,PHILIPPINES,PHILIPPINE SEA,2.0
1842,HAITI,CAP-HAITIAN,4.0
1843,INDONESIA,SW. SUMATRA,3.0
1843,GUADELOUPE (FRENCH TERRITORY),POINTE-A-PITRE,4.0
1843,JAPAN,SE. HOKKAIDO ISLAND,1.0
1845,INDONESIA,CELEBES SEA,3.0
1845,INDIA,RANN OF KUTCH,1.0
1845,USA,"SE. ALASKA, AK",2.0
1846,ITALY,LIVORNO,2.0
1847,JAPAN,SANRIKU,3.0
1848,NEW ZEALAND,WELLINGTON,1.0
1849,USA TERRITORY,"GUAM, MARIANA ISLANDS",3.0
1849,CHILE,CENTRAL CHILE,1.0
1851,CHILE,CENTRAL CHILE,1.0
1851,ALBANIA,ALBANIAN COASTS,4.0
1852,PHILIPPINES,W. LUZON ISLAND,1.0
1852,INDONESIA,BANDA SEA,2.0
1852,MEXICO,S. MEXICO,1.0
1852,INDONESIA,BANDANEIRA,1.0
1853,VENEZUELA,CUMANA,3.0
1853,GREECE,CENTRAL GREECE (EVOIKOS GULF),1.0
1853,USA,"LITUYA BAY, AK",2.0
1854,JAPAN,ENSHUNADA SEA,3.0
1854,JAPAN,NANKAIDO,4.0
1855,JAPAN,TOKAIDO,4.0
1856,INDONESIA,SANGIHE ISLAND,4.0
1856,HONDURAS,BAY OF HONDURAS,3.0
1856,ALGERIA,SEA OF ALBORAN,1.0
1856,JAPAN,SE. HOKKAIDO ISLAND,1.0
1856,GREECE,CRETE,3.0
1856,GREECE,"CHIOS ISLAND, AEGEAN ISLANDS",2.0
1857,PAPUA NEW GUINEA,BISMARCK SEA,2.0
1857,INDONESIA,BALI SEA,1.0
1858,CHILE,CENTRAL CHILE,1.0
1859,CHILE,NORTHERN CHILE,1.0
1859,INDONESIA,SOUTH OF JAVA,1.0
1861,INDONESIA,SW. SUMATRA,4.0
1861,INDONESIA,SW. SUMATRA,3.0
1862,GHANA,GOLD COAST,1.0
1863,PHILIPPINES,W. LUZON ISLAND,3.0
1863,VANUATU,VANUATU ISLANDS,3.0
1864,INDONESIA,NW. IRIAN JAYA,3.0
1865,PERU,CENTRAL PERU,1.0
1866,ALBANIA,ALBANIAN COASTS,2.0
1866,ALBANIA,ALBANIAN COASTS,1.0
1867,ITALY,LAKE MAGGIORE,1.0
1867,GREECE,"PELOPONNESUS, GREECE",2.0
1867,USA TERRITORY,VIRGIN ISLANDS,1.0
1867,TAIWAN,E. CHINA SEA,3.0
1868,USA,HAWAII,2.0
1868,CHILE,NORTHERN CHILE,4.0
1868,USA,N. CALIFORNIA,1.0
1870,MEXICO,"PUERTO ANGEL, MEXICO",1.0
1870,GREECE,IONIAN SEA,2.0
1871,INDONESIA,RUANG,3.0
1871,PHILIPPINES,SULU SEA,1.0
1872,JAPAN,SW. HONSHU ISLAND,3.0
1873,PAPUA NEW GUINEA,MACLAY COAST,2.0
1874,BANGLADESH,SUNDERBANS,4.0
1875,NEW CALEDONIA,"LIFOU ISLAND, LOYALTY ISLANDS",1.0
1877,CHILE,NORTHERN CHILE,4.0
1878,CHILE,NORTHERN CHILE,1.0
1878,PERU,CENTRAL PERU,1.0
1878,PAPUA NEW GUINEA,BISMARCK SEA,1.0
1878,TURKEY,GULF OF IZMIT,1.0
1878,USA,S. CALIFORNIA,1.0
1880,PHILIPPINES,E. LUZON ISLAND,1.0
1880,CHILE,CENTRAL CHILE,1.0
1882,PANAMA,SAN BLAS ARCHIPELAGO,3.0
1882,TAIWAN,SOUTH CHINA SEA,1.0
1883,INDONESIA,KRAKATAU,4.0
1883,USA,"COOK INLET, AK",1.0
1884,URUGUAY,MONTEVIDEO,2.0
1887,MEXICO,N. MEXICO,1.0
1888,PAPUA NEW GUINEA,RITTER ISLAND,3.0
1890,IRAN,CASPIAN SEA,3.0
1892,INDONESIA,"AWU VOLCANO, SANGIHE ISLAND",4.0
1892,JAPAN,SW. HONSHU ISLAND,1.0
1894,JAPAN,SE. HOKKAIDO ISLAND,1.0
1894,JAPAN,"YAMAGATA, JAPAN",3.0
1894,ITALY,CALABRIAN ARC,3.0
1894,USA,"PUYALLUP RIVER DELTA, TACOMA, WA",1.0
1895,PAPUA NEW GUINEA,SOLOMON SEA,2.0
1896,JAMAICA,KINGSTON,3.0
1896,JAPAN,SANRIKU,4.0
1897,INDIA,ASSAM,4.0
1897,PHILIPPINES,SULU SEA,1.0
1897,PHILIPPINES,SAMAR ISLAND,1.0
1898,CHILE,CENTRAL CHILE,1.0
1899,PAPUA NEW GUINEA,"EAST COAST, NEW IRELAND",3.0
1899,PORTUGAL,AZORES,1.0
1899,INDONESIA,BANDA SEA,4.0
1900,USA,"LITUYA BAY, AK",1.0
1900,INDONESIA,BISMARCK SEA,1.0
1901,BULGARIA,BLACK SEA,1.0
1901,NEW CALEDONIA,LOYALTY ISLANDS,1.0
1901,JAPAN,OFF NORTHEAST COAST HONSHU,1.0
1902,EL SALVADOR,EL SALVADOR-GUATEMALA,3.0
1902,GUATEMALA,OCOS,4.0
1902,MARTINIQUE (FRENCH TERRITORY),MOUNT PELEE,1.0
1902,SAINT VINCENT AND THE GRENADINES,SOUFRIERE VOLCANO,4.0
1902,MARTINIQUE (FRENCH TERRITORY),MOUNT PELEE,4.0
1902,PHILIPPINES,"ILLANA BAY, CELEBES SEA",3.0
1902,MARTINIQUE (FRENCH TERRITORY),MOUNT PELEE,3.0
1903,CHILE,NORTHERN CHILE,1.0
1905,NORWAY,LOEN,2.0
1905,INDIA,"KANGRA, INDIA",4.0
1905,JAPAN,JAPAN:  OFF FUKUSHIMA,2.0
1906,ECUADOR,OFF COAST,3.0
1906,CHILE,CENTRAL CHILE,4.0
1906,PAPUA NEW GUINEA,SOLOMON SEA,2.0
1907,INDONESIA,NW. SUMATRA,3.0
1907,JAMAICA,JAMAICA,3.0
1907,MEXICO,S. MEXICO,1.0
1907,ITALY,IONIAN CALABRIA,3.0
1908,ITALY,"MESSINA STRAIT, IONIAN SEA",4.0
1909,INDONESIA,SUMATRA,3.0
1909,JAPAN,"ANEGAWA, JAPAN",1.0
1909,USA,LOUISIANA: GRAND ISLE,3.0
1911,PHILIPPINES,"TAAL, LUZON ISLAND",4.0
1911,JAPAN,RYUKYU ISLANDS,1.0
1913,INDONESIA,SANGIHE ISLAND,3.0
1913,PERU,S. PERU,2.0
1914,JAPAN,SEIKAIDO,2.0
1914,INDONESIA,NW. IRIAN JAYA,3.0
1914,INDONESIA,INDONESIA,1.0
1914,NEW ZEALAND,"TOLAGA BAY, NORTH ISLAND",1.0
1914,GREECE,IONIAN SEA,1.0
1915,USA TERRITORY,"MANUA ISLANDS, AMERICAN SAMOA",1.0
1917,INDONESIA,BALI SEA,4.0
1917,PHILIPPINES,CELEBES SEA,1.0
1917,SAMOA,SAMOA ISLANDS,1.0
1917,USA,"TAKU INLET, JUNEAU, AK",1.0
1917,CANADA,"HALIFAX, NOVA SCOTIA",4.0
1918,CHINA,GUANGDONG PROVINCE,4.0
1918,PHILIPPINES,CELEBES SEA,2.0
1918,RUSSIA,S. KURIL ISLANDS,1.0
1918,USA TERRITORY,PUERTO RICO: MONA PASSAGE,3.0
1918,CHILE,NORTHERN CHILE,1.0
1919,ITALY,STROMBOLI ISLAND,1.0
1920,ALBANIA,ALBANIAN COASTS,3.0
1922,PHILIPPINES,CEBU ISLAND,1.0
1922,TAIWAN,TAIWAN,1.0
1922,CHILE,NORTHERN CHILE,3.0
1923,RUSSIA,KAMCHATKA,1.0
1923,RUSSIA,KAMCHATKA,1.0
1923,USA,"ROCKAWAY BEACH, NY",1.0
1923,JAPAN,SAGAMI BAY,4.0
1925,PHILIPPINES,W. LUZON ISLAND,1.0
1925,PHILIPPINES,PHILIPPINE SEA,2.0
1925,"MICRONESIA, FED. STATES OF",CAROLINE ISLANDS,3.0
1926,COOK ISLANDS,COOK ISLANDS,1.0
1926,SOUTH KOREA,S. OF KOREA,3.0
1927,USA,S. CALIFORNIA,1.0
1927,JAPAN,SW. HONSHU ISLAND,4.0
1927,ISRAEL,DEAD SEA,3.0
1927,UKRAINE,"CRIMEA, BLACK SEA",1.0
1927,INDONESIA,SULAWESI,1.0
1928,GREECE,EAST AEGEAN,3.0
1928,PERU,S. PERU,1.0
1928,GREECE,CORINTHOS-PATRAS GULF,1.0
1928,MEXICO,S. MEXICO,1.0
1928,INDONESIA,FLORES SEA,3.0
1928,CHILE,CENTRAL CHILE,3.0
1928,PHILIPPINES,CELEBES SEA,2.0
1929,NEW ZEALAND,TASMAN SEA,1.0
1929,INDONESIA,"TJALANG, N.W. SUMATRA",1.0
1929,CANADA,"GRAND BANKS, NEWFOUNDLAND",1.0
1930,MYANMAR (BURMA),MYANMAR COAST,3.0
1930,USA,S. CALIFORNIA,1.0
1930,ITALY,STROMBOLI ISLAND,1.0
1930,ITALY,CENTRAL ADRIATIC,1.0
1930,PAPUA NEW GUINEA,BISMARCK SEA,1.0
1931,NEW ZEALAND,N. NEW ZEALAND,3.0
1931,USA,"ATLANTIC CITY, NJ",1.0
1931,SOLOMON ISLANDS,SAN CRISTOBAL ISLAND,1.0
1931,JAPAN,SEIKAIDO,1.0
1932,MEXICO,CENTRAL MEXICO,3.0
1932,MEXICO,CENTRAL MEXICO,2.0
1932,GREECE,NORTH AEGEAN,3.0
1933,RUSSIA,"KHARIMKOTAN, N. KURIL ISLANDS",1.0
1933,JAPAN,SANRIKU,4.0
1933,PHILIPPINES,E. SAMAR ISLAND,1.0
1934,NEPAL,"BIHAR-NEPAL, GANGES RIVER",4.0
1934,NORWAY,TAFJORD,1.0
1935,PAKISTAN,QUETTA,4.0
1935,CHINA,SICHUAN PROVINCE,2.0
1936,CHILE,NORTHERN CHILE,1.0
1936,INDONESIA,OFF NORTHWEST COAST,1.0
1937,PAPUA NEW GUINEA,RABAUL,3.0
1937,PHILIPPINES,W. LUZON ISLAND,1.0
1938,INDONESIA,MAKASSAR STRAIT,1.0
1938,JAPAN,E. HOKKAIDO ISLAND,1.0
1938,JAPAN,SANRIKU,1.0
1939,CHILE,CENTRAL CHILE,4.0
1939,PAPUA NEW GUINEA,SOLOMON SEA,1.0
1939,JAPAN,SEIKAIDO,1.0
1939,SOLOMON ISLANDS,SOLOMON ISLANDS,1.0
1939,JAPAN,NW. HONSHU ISLAND,1.0
1939,TURKEY,SOUTH BLACK SEA,4.0
1940,PERU,CENTRAL PERU,3.0
1940,JAPAN,W. HOKKAIDO ISLAND,1.0
1941,PAPUA NEW GUINEA,BISMARCK SEA,1.0
1941,INDIA,"ANDAMAN SEA, E. COAST INDIA",1.0
1941,JAPAN,SEIKAIDO,1.0
1941,COSTA RICA,COSTA RICA-PANAMA,1.0
1942,PERU,S. PERU,1.0
1943,CHILE,CENTRAL CHILE,1.0
1944,JAPAN,OFF SOUTHEAST COAST KII PENINSULA,4.0
1945,JAPAN,TOKAIDO,4.0
1945,JAPAN,SANRIKU,1.0
1945,PAKISTAN,MAKRAN COAST,4.0
1946,USA,"UNIMAK ISLAND, AK",3.0
1946,CHILE,NORTHERN CHILE,1.0
1946,DOMINICAN REPUBLIC,NORTHEASTERN COAST,4.0
1946,DOMINICAN REPUBLIC,NORTHEASTERN COAST,2.0
1946,JAPAN,HONSHU: S COAST,4.0
1947,GREECE,"PELOPONNESUS, GREECE",1.0
1948,PHILIPPINES,SULU SEA,2.0
1948,GREECE,IONIAN SEA,1.0
1948,MEXICO,MEXICO,1.0
1949,USA,"PUGET SOUND, WA",1.0
1949,GREECE,"CHIOS ISLAND, AEGEAN ISLANDS",1.0
1949,CHILE,SOUTHERN CHILE,1.0
1949,CHILE,SOUTHERN CHILE,1.0
1949,PHILIPPINES,E. LUZON ISLAND,1.0
1950,CHILE,SOUTHERN CHILE,1.0
1950,INDIA,INDIA-CHINA,4.0
1950,INDONESIA,JAVA TRENCH,1.0
1950,PERU,S. PERU,1.0
1951,NICARAGUA,COSIGUINA VOLCANO,3.0
1951,TAIWAN,TAIWAN,2.0
1952,JAPAN,SE. HOKKAIDO ISLAND,1.0
1952,JAPAN,MYOJINSHO SUBMARINE VOLCANO,1.0
1952,RUSSIA,KAMCHATKA,4.0
1953,CHILE,CENTRAL CHILE,1.0
1953,GREECE,IONIAN SEA,3.0
1953,CYPRUS,LEVANTIAN SEA,1.0
1953,FIJI,FIJI ISLANDS,1.0
1953,JAPAN,"KASHIMA, JAPAN",1.0
1953,PERU,N. PERU,1.0
1954,USA,"MICHIGAN CITY, IN (LAKE MICHIGAN)",1.0
1954,ALGERIA,SEA OF ALBORAN,4.0
1955,GREECE,VOLOS GULF,1.0
1955,CHILE,CENTRAL CHILE,1.0
1956,CHILE,NORTHERN CHILE,1.0
1956,GREECE,CYCLADES,2.0
1957,USA,"ANDREANOF ISLANDS, AK",1.0
1957,MEXICO,S. MEXICO,2.0
1958,ECUADOR,COLOMBIA-ECUADOR,3.0
1958,USA,"SE. ALASKA, AK",1.0
1959,USA,"HEGBEN LAKE, MONTANA",1.0
1960,MOROCCO,MOROCCO,4.0
1960,CHILE,CENTRAL CHILE,1.0
1960,CHILE,SOUTHERN CHILE,4.0
1960,PERU,N. PERU,2.0
1961,JAPAN,SEIKAIDO,1.0
1961,CHILE,CENTRAL CHILE,1.0
1962,MEXICO,S. MEXICO,1.0
1962,MEXICO,S. MEXICO,1.0
1963,GREECE,CORINTH GULF,1.0
1963,TAIWAN,E. TAIWAN-RYUKYU ISLANDS,1.0
1963,CANADA,"GRAHAM ISLAND, BRITISH COLUMBIA",1.0
1963,INDONESIA,LESSER SUNDA: BALI: AGUNG VOLCANO,4.0
1963,TURKEY,MARMARA SEA,1.0
1963,PERU,CENTRAL PERU,1.0
1963,ITALY,"VAJONT DAM, VAJONT RIVER",4.0
1964,USA,"PRINCE WILLIAM SOUND, AK",3.0
1964,JAPAN,NW. HONSHU ISLAND,1.0
1965,INDONESIA,SANANA ISLAND,2.0
1965,CHILE,SOUTHERN CHILE,1.0
1965,GREECE,AEGEAN SEA,1.0
1965,GREECE,NORTH CORINTH GULF,1.0
1965,MEXICO,MEXICO,1.0
1965,PHILIPPINES,"TAAL, LUZON ISLAND",3.0
1966,TAIWAN,E. TAIWAN-RYUKYU ISLANDS,1.0
1966,PERU,CENTRAL PERU,3.0
1966,CHILE,NORTHERN CHILE,1.0
1967,INDONESIA,MAKASSAR STRAIT,2.0
1967,INDONESIA,NORTHEAST SUMATRA,1.0
1967,VENEZUELA,CARACAS,3.0
1967,CHILE,NORTHERN CHILE,1.0
1968,GREECE,"LEMNOS ISLAND, NORTH AEGEAN SEA",1.0
1968,JAPAN,SEIKAIDO,1.0
1968,JAPAN,OFF EAST COAST OF HONSHU ISLAND,2.0
1968,PHILIPPINES,E. LUZON ISLAND,3.0
1968,INDONESIA,BANDA SEA,3.0
1968,TURKEY,BLACK SEA,1.0
1968,MEXICO,S. MEXICO-GUATEMALA-NICARAGUA,1.0
1969,INDONESIA,MAKASSAR STRAIT,3.0
1969,PORTUGAL,PORTUGAL,1.0
1969,PHILIPPINES,LUZON ISLAND,1.0
1969,EGYPT,GULF OF SUEZ,1.0
1970,PHILIPPINES,PHILIPPINE SEA,1.0
1970,RUSSIA,CASPIAN SEA,3.0
1970,PERU,N. PERU,4.0
1970,PAPUA NEW GUINEA,PAPUA NEW GUINEA,1.0
1971,PERU,CHUNGAR,3.0
1971,CHILE,CENTRAL CHILE,2.0
1971,PAPUA NEW GUINEA,SOLOMON SEA,1.0
1972,TAIWAN,E. TAIWAN,1.0
1973,MEXICO,S. MEXICO,2.0
1973,PHILIPPINES,QUEZON,1.0
1974,JAPAN,TOKAIDO,1.0
1974,PERU,CENTRAL PERU,2.0
1974,PAKISTAN,PAKISTAN,4.0
1975,CHILE,CENTRAL CHILE,1.0
1975,PHILIPPINES,PHILIPPINE TRENCH,1.0
1975,USA,HAWAII,1.0
1976,GUATEMALA,GUATEMALA,4.0
1976,PHILIPPINES,MORO GULF,4.0
1977,SOLOMON ISLANDS,SOLOMON ISLANDS,1.0
1977,SOLOMON ISLANDS,SOLOMON ISLANDS,1.0
1977,INDONESIA,SUNDA ISLANDS,3.0
1978,JAPAN,TOKAIDO,1.0
1978,JAPAN,SANRIKU,1.0
1978,GREECE,"THESSALONIKI (SALONICA), GREECE",1.0
1978,MEXICO,MEXICO,1.0
1979,MEXICO,S. MEXICO,1.0
1979,SERBIA AND MONTENEGRO,MONTENEGRO,3.0
1979,INDONESIA,LOMBLEN ISLAND [LEMBATA],4.0
1979,INDONESIA,IRIAN JAYA,3.0
1979,FRANCE,FRENCH RIVIERA (LIGURIAN SEA),1.0
1979,COLOMBIA,"COLOMBIA: OFF SHORE, PACIFIC OCEAN",3.0
1980,PORTUGAL,AZORES,2.0
1980,USA,WASHINGTON,2.0
1980,ALGERIA,EL ASNAM,4.0
1981,GREECE,ATHENS-EASTERN GULF OF CORINTH,1.0
1981,SAMOA,SAMOA ISLANDS,1.0
1981,MEXICO,MEXICO,1.0
1982,INDONESIA,FLORES SEA,1.0
1983,JAPAN,"NOSHIRO, JAPAN",3.0
1983,PHILIPPINES,LUZON ISLAND,1.0
1983,CHILE,NORTHERN CHILE,1.0
1984,INDONESIA,SULAWESI,1.0
1985,CHILE,CENTRAL CHILE,3.0
1985,MEXICO,MEXICO,4.0
1986,TAIWAN,TAIWAN,1.0
1987,PAPUA NEW GUINEA,SOLOMON SEA,1.0
1987,CHILE,NORTHERN CHILE,1.0
1987,JAPAN,KYUSHU ISLAND,1.0
1988,BANGLADESH,"JAMUNA RIVER, ARICHA, BANGLADESH",1.0
1988,SOLOMON ISLANDS,SOLOMON ISLANDS,1.0
1989,USA,N. CALIFORNIA,2.0
1990,PHILIPPINES,PHILIPPINES,2.0
1990,ITALY,EASTERN SICILY,1.0
1991,COSTA RICA,"LIMON, PANDORA",2.0
1992,NICARAGUA,NICARAGUA,3.0
1992,INDONESIA,FLORES SEA,4.0
1993,JAPAN,SEA OF JAPAN,3.0
1994,USA,"WEST COAST, USA",2.0
1994,INDONESIA,HALMAHERA,1.0
1994,INDONESIA,SOUTH OF JAVA,3.0
1994,RUSSIA,S. KURIL ISLANDS,1.0
1994,INDONESIA,HALMAHERA,1.0
1994,USA,"SKAGWAY, AK",1.0
1994,PHILIPPINES,PHILIPPINE ISLANDS,2.0
1994,JAPAN,"TOHUKU, JAPAN",1.0
1995,JAPAN,"KOBE, JAPAN",4.0
1995,INDONESIA,TIMOR SEA,1.0
1995,RUSSIA,SAKHALIN ISLAND,4.0
1995,GREECE,GULF OF CORINTH: AIYION,1.0
1995,CHILE,NORTHERN CHILE,1.0
1995,MEXICO,S. MEXICO,1.0
1995,MEXICO,S. MEXICO,1.0
1995,EGYPT,EGYPT,1.0
1996,INDONESIA,SULAWESI,1.0
1996,INDONESIA,IRIAN JAYA,3.0
1996,PERU,N. PERU,1.0
1996,PERU,S. PERU,1.0
1997,VENEZUELA,CARIACO-CUMANA,2.0
1998,PAPUA NEW GUINEA,PAPUA NEW GUINEA,4.0
1998,INDONESIA,"TALIABU ISLAND,",1.0
1999,TURKEY,"KOCAELI, TURKEY",4.0
1999,VANUATU,VANUATU ISLANDS,1.0
2000,INDONESIA,SULAWESI,1.0
2000,JAPAN,"KOZU-SHIMA ISLAND, HONSHU",1.0
2000,PAPUA NEW GUINEA,BISMARCK SEA,1.0
2001,EL SALVADOR,EL SALVADOR,3.0
2001,PERU,S. PERU,3.0
2002,PHILIPPINES,"MINDANAO ISLAND, PHILIPPINES",1.0
2002,TAIWAN,TAIWAN,1.0
2002,PAPUA NEW GUINEA,BISMARCK SEA,1.0
2002,INDIA,"ANDAMAN ISLANDS, INDIA",1.0
2002,INDONESIA,IRIAN JAYA,1.0
2003,MEXICO,S. MEXICO,1.0
2003,ALGERIA,N. ALGERIA,4.0
2003,ALGERIA,ALGIERS,1.0
2004,INDONESIA,KEPULAUAN ALOR,1.0
2004,INDONESIA,OFF W. COAST OF SUMATRA,4.0
2005,INDONESIA,INDONESIA,4.0
2006,INDONESIA,SERAM ISLAND,1.0
2006,INDONESIA,SOUTH OF JAVA,3.0
2006,CHINA,TAIWAN,1.0
2007,JAPAN,HONSHU: W COAST,1.0
2007,SOLOMON ISLANDS,SOLOMON ISLANDS,2.0
2007,CHILE,SOUTHERN CHILE,1.0
2007,JAPAN,HONSHU: W COAST,1.0
2007,RUSSIA,TATAR STRAIT,1.0
2007,PERU,S. PERU,3.0
2007,INDONESIA,SUMATRA,1.0
2007,CHILE,NORTHERN CHILE,1.0
2008,CHINA,SICHUAN PROVINCE,4.0
2008,JAPAN,HOKKAIDO ISLAND,1.0
2008,INDONESIA,SULAWESI,1.0
2009,INDONESIA,NEAR NORTH COAST,1.0
2009,HONDURAS,OFF COAST,1.0
2009,JAPAN,HONSHU: S COAST,1.0
2009,SAMOA,SAMOA ISLANDS,3.0
2009,INDONESIA,SUMATRA,4.0
2010,HAITI,HAITI & DOMINICAN REPUBLIC,4.0
2010,CHILE,CENTRAL CHILE,3.0
2010,PERU,"513 LAKE, HUALCAN GLACIER",1.0
2010,INDONESIA,SUMATRA,3.0
2011,JAPAN,HONSHU ISLAND,4.0
2011,JAPAN,E. COAST HONSHU ISLAND,1.0
2012,MEXICO,S. MEXICO,1.0
2012,INDONESIA,OFF W. COAST OF N SUMATRA,1.0
2012,PHILIPPINES,PHILIPPINE ISLANDS,1.0
2012,COSTA RICA,COSTA RICA,1.0
2012,CANADA,BRITISH COLUMBIA,1.0
2012,GUATEMALA,GUATEMALA,2.0
2013,SOLOMON ISLANDS,SANTA CRUZ ISLANDS,1.0
2013,PAKISTAN,OFF COAST GWADAR,3.0
2014,EL SALVADOR,GULF OF FONSECA,1.0
2015,CHILE,CENTRAL CHILE,1.0
2015,GREECE,IONIAN SEA,1.0
2016,INDONESIA,SW. SUMATRA,1.0
2016,ECUADOR,OFF COAST,3.0
2016,NEW ZEALAND,OFF EAST COAST OF SOUTH ISLAND,1.0
2016,SOLOMON ISLANDS,SOLOMON ISLANDS,1.0
